version,SerialNo,Command,Interval,AnimName,Loop,CutScene,Damage,B_Damage,MP_Add_OH,MP_Add_OB,MP_Self_Add_OH,MP_Self_Add_OB,DamageActionNo,Block_C,Upper_Atk,Launcher_Atk,Upper_Force,Wall_Stun,Push_Atk,Push_Force,C_Hit_Motion,Down_Atk,Add_FX,HitInterval,HitStun,BlockStun,React,ChargeAction,MaxChargeTime,Invincible,Ignore_List,Chain_Atk_List,Chain_Action_Append,Finish,Juggle,DownCheck,Cancel_Act,NextActionNo,NextActionInterval,PrevActionNo,EndType,MoveType,RotateType,CatchType,BlockUseType,PlayerState,AttackState
1,ulong,list<string>,list<string>,string,byte,byte,ushort,ushort,ushort,ushort,ushort,ushort,ulong,byte,byte,byte,ushort,byte,byte,ushort,string,byte,string,ushort,ushort,ushort,ushort,byte,ushort,ushort,list<ulong>,list<ulong>,ulong,byte,ulong,byte,byte,ulong,ushort,ulong,byte,byte,byte,byte,byte,byte,byte
,20001,(N),0,_Stand,1,0,0,0,0,0,0,0,0,0,0,0,1,1,0,10,Test_Counter,0,test_fx,0,0,0,0,0,0,0,"20022,20023,20024,20025,20026,20027,20028,20029,20030,20031,20032,20033","20007,20077,20078,20074,20083,20084,20014,20005,20006,20002,20003,20004,20008,20009,20042,20045,20048,20095,20019,20101,20097,20098",0,0,0,0,0,20001,0,0,1,0,1,0,0,0,0
,20101,(8),0,_Stand,1,0,0,0,0,0,0,0,0,0,0,0,1,1,0,10,Test_Counter,0,test_fx,0,0,0,0,0,0,0,"20023,20024,20025,20026,20027,20028,20029,20030,20031,20032,20033,20084","20022,20014,20015,20016,20095",0,0,0,0,0,20001,0,0,1,0,1,0,0,0,0
,20002,(2),0,_Crouch,1,0,0,0,0,0,0,0,0,0,0,0,1,1,0,10,Test_Counter,0,test_fx,0,0,0,0,0,0,0,"20022,20025,20026,20027,20028,20029,20030,20031,20032,20033,20083,20084","20023,20024",0,0,0,0,0,20001,0,0,1,0,1,0,0,1,0
,20003,(6),0,_Walk_Front,1,0,0,0,0,0,0,0,0,0,0,0,1,1,0,10,Test_Counter,0,test_fx,0,0,0,0,0,0,0,"20022,20023,20024,20025,20026,20027,20028,20029,20030,20031,20032,20084","20045,20015,20004,20033,20083,20084,20095",0,0,0,0,0,20001,0,0,1,1,1,0,0,0,0
,20004,(4),0,_Walk_Back,1,0,0,0,0,0,0,0,0,0,0,0,1,1,0,10,Test_Counter,0,test_fx,0,0,0,0,0,0,0,"20022,20023,20024,20025,20026,20027,20028,20029,20030,20031,20032,20033","20048,20016,20003,20083,20084,20095",0,0,0,0,0,20001,0,0,1,3,1,0,0,0,0
,20005,(6),0,_Dash_Front,1,0,0,0,0,0,0,0,0,0,0,0,1,1,0,10,Test_Counter,0,test_fx,0,0,0,20,0,0,0,"20022,20023,20024,20027,20028,20029,20030,20031,20032,20033,20083,20084","20015,20025,20026,20045,20095",0,0,0,0,0,20001,0,20003,1,0,1,0,0,0,0
,20006,(4),0,_Dash_Back,0,0,0,0,0,0,0,0,0,0,0,0,1,1,0,10,Test_Counter,0,test_fx,0,0,0,20,0,0,15,,,0,0,0,0,0,20001,0,20004,0,0,1,0,0,0,0
,20007,"(6),(P)","0,500",_Dodge_Front,0,0,0,0,0,0,0,0,0,0,0,0,1,1,0,10,Test_Counter,0,test_fx,0,0,0,20,0,0,0,,,0,0,0,0,0,20001,0,0,0,0,0,0,0,0,0
,20008,(4),0,_Guard_St,0,0,0,0,0,0,0,0,0,0,0,0,1,1,0,10,Test_Counter,0,test_fx,0,0,0,0,0,0,0,,,0,0,0,0,0,20001,0,20004,0,0,1,0,0,0,0
,20009,"(2),(4)","0,0",_Guard_Cr,0,0,0,0,0,0,0,0,0,0,0,0,1,1,0,10,Test_Counter,0,test_fx,0,0,0,0,0,0,0,,,0,0,0,0,0,20002,0,20002,0,0,1,0,0,1,0
,20010,(N),0,_Guard_Crush_St,0,0,0,0,0,0,0,0,0,0,0,0,1,1,0,10,Test_Counter,0,test_fx,0,0,0,20,0,0,0,,,0,0,0,0,0,20001,0,0,0,0,0,0,0,0,0
,20011,(N),0,_Guard_Crush_Cr,0,0,0,0,0,0,0,0,0,0,0,0,1,1,0,10,Test_Counter,0,test_fx,0,0,0,20,0,0,0,,,0,0,0,0,0,20001,0,0,0,0,0,0,0,1,0
,20012,(N),0,_Getup,0,0,0,0,0,0,0,0,0,0,0,0,1,1,0,10,Test_Counter,0,test_fx,0,0,0,20,0,0,0,,,0,0,0,0,0,20001,0,0,0,0,2,0,0,0,0
,20013,(N),0,_Getup_Fast,0,0,0,0,0,0,0,0,0,0,0,0,1,1,0,10,Test_Counter,0,test_fx,0,0,0,20,0,0,0,,,0,0,0,0,0,20001,0,0,0,0,2,0,0,0,0
,20014,(J),0,_Jump_Vertical,0,0,0,0,0,0,0,0,0,0,0,0,1,1,0,10,Test_Counter,0,test_fx,0,0,0,20,0,0,0,,"20027,20028",0,0,0,0,0,20001,0,0,0,0,2,0,0,2,0
,20015,(J),0,_Jump_Front,0,0,0,0,0,0,0,0,0,0,0,0,1,1,0,10,Test_Counter,0,test_fx,0,0,0,20,0,0,0,,"20029,20030",0,0,0,0,0,20001,0,0,0,0,2,0,0,2,0
,20016,(J),0,_Jump_Back,0,0,0,0,0,0,0,0,0,0,0,0,1,1,0,10,Test_Counter,0,test_fx,0,0,0,20,0,0,0,,"20031,20032",0,0,0,0,0,20001,0,0,0,0,2,0,0,2,0
,20017,(6|J),0,_Jump_Front,0,0,0,0,0,0,0,0,0,0,0,0,1,1,0,10,Test_Counter,0,test_fx,0,0,0,20,0,0,0,,"20029,20030",0,0,0,0,0,20001,0,0,0,0,2,0,0,2,0
,20018,(4|J),0,_Jump_Back,0,0,0,0,0,0,0,0,0,0,0,0,1,1,0,10,Test_Counter,0,test_fx,0,0,0,20,0,0,0,,"20031,20032",0,0,0,0,0,20001,0,0,0,0,2,0,0,2,0
,20019,(P),0,_Parry,0,0,0,0,0,0,0,0,0,0,0,0,1,1,0,10,Test_Counter,0,test_fx,0,0,0,20,0,0,0,,,0,0,0,0,0,20001,0,0,0,0,0,0,0,0,0
,20020,(N),0,_KO_H,0,0,0,0,0,0,0,0,0,0,0,0,1,1,0,10,Test_Counter,0,test_fx,0,0,0,20,0,0,0,,,0,0,0,0,0,20001,0,0,0,0,0,0,0,4,0
,20021,(N),0,_Result_Win,0,0,0,0,0,0,0,0,0,0,0,0,1,1,0,10,Test_Counter,0,test_fx,0,0,0,20,0,0,0,,,0,0,0,0,0,20001,0,0,0,0,0,0,0,0,0
,20022,(H),0,_Atk_Aerial,0,1,100,0,50,25,50,25,92,0,1,1,5,0,0,10,Test_Counter,0,test_fx,300,30,30,20,0,0,0,,,20034,0,10,0,0,20001,0,0,0,0,0,0,0,0,1
,20023,(L),0,_Atk_Cr_L,0,1,50,0,25,13,25,13,61,0,0,0,1,0,0,10,Test_Counter,0,test_fx,45,15,15,20,0,0,0,,,0,0,3,1,1,20002,0,0,0,0,0,0,0,1,1
,20024,(H),0,_Atk_Cr_H,0,1,100,0,50,25,50,25,94,0,0,1,1,0,0,10,Test_Counter,1,test_fx,300,30,30,20,0,0,0,,,20085,0,10,0,0,20002,0,0,0,0,0,0,0,1,3
,20025,(L),0,_Atk_Dash_L,0,1,50,0,25,13,25,13,65,0,0,0,1,1,0,10,Test_Counter,0,test_fx,100,15,15,20,0,0,0,,,0,0,5,0,0,20001,0,0,0,0,0,0,0,0,1
,20026,(H),0,_Atk_Dash_H,0,1,150,0,50,25,50,25,70,1,0,0,1,1,1,10,Test_Counter,0,test_fx,350,30,30,20,0,0,0,,,0,0,10,3,0,20001,0,0,0,0,0,0,0,0,1
,20027,(L),0,_Atk_Jp_Vertical_L,0,1,50,0,25,13,25,13,65,0,0,0,1,0,0,10,Test_Counter,0,test_fx,45,15,15,20,0,0,0,,,0,0,1,0,0,20001,0,0,0,0,0,0,0,2,2
,20028,(H),0,_Atk_Jp_Vertical_H,0,1,100,0,50,25,50,25,70,0,0,0,1,1,1,10,Test_Counter,0,test_fx,200,30,30,20,0,0,0,,,0,0,1,1,0,20001,0,0,0,0,0,0,0,2,2
,20029,(L),0,_Atk_Jp_Front_L,0,1,50,0,25,13,25,13,65,0,0,0,1,0,0,10,Test_Counter,0,test_fx,45,15,15,20,0,0,0,,,0,0,1,0,0,20001,0,0,0,0,0,0,0,2,2
,20030,(H),0,_Atk_Jp_Front_H,0,1,150,0,50,25,50,25,70,0,0,0,1,1,1,10,Test_Counter,0,test_fx,200,30,30,20,0,0,0,,,0,0,1,2,0,20001,0,0,0,0,0,0,0,2,2
,20031,(L),0,_Atk_Jp_Back_L,0,1,50,0,25,13,25,13,65,0,0,0,1,0,0,10,Test_Counter,0,test_fx,45,15,15,20,0,0,0,,,0,0,1,0,0,20001,0,0,0,0,0,0,0,2,2
,20032,(H),0,_Atk_Jp_Back_H,0,1,100,0,50,25,50,25,70,0,0,0,1,1,1,10,Test_Counter,0,test_fx,200,30,30,20,0,0,0,,,0,0,1,3,0,20001,0,0,0,0,0,0,0,2,2
,20033,(H),0,_Atk_Overhead,0,1,100,0,50,25,50,25,93,0,0,1,1,0,0,10,Test_Counter,0,test_fx,300,30,30,20,0,0,0,,,20038,0,10,0,0,20001,0,0,0,0,0,0,0,0,2
,20034,(L),0,_Atk_St_L,0,1,50,0,25,13,25,13,0,0,0,0,1,0,0,10,Test_Counter,0,test_fx,45,1,15,20,0,0,0,,20035,0,0,2,0,0,20001,0,0,0,0,0,0,0,0,1
,20035,(L),500,_Auto_2_L,0,1,50,0,25,13,25,13,0,0,0,0,1,0,0,10,Test_Counter,0,test_fx,45,1,15,20,0,0,0,,20036,0,0,2,0,0,20001,0,0,0,0,0,0,0,0,1
,20036,(L),500,_Auto_3_L,0,1,75,0,25,13,25,13,0,0,0,0,1,0,0,10,Test_Counter,0,test_fx,45,1,15,20,0,0,0,,20037,0,0,2,0,0,20001,0,0,0,0,0,0,0,0,1
,20037,(L),500,_Auto_Fin_L,0,1,75,0,25,13,25,13,65,0,0,0,1,1,1,10,Test_Counter,0,test_fx,75,1,30,20,0,0,0,,20091,0,0,2,0,0,20001,0,0,0,0,0,0,0,0,1
,20038,(L),0,_Atk_St_H,0,1,50,0,50,25,50,25,0,0,0,0,1,0,0,10,Test_Counter,0,test_fx,75,1,30,20,0,0,0,,20039,0,0,1,0,0,20001,0,0,0,0,0,0,0,0,1
,20039,(L),500,_Auto_2_H,0,1,70,0,50,25,50,25,0,0,0,0,1,0,0,10,Test_Counter,0,test_fx,75,1,30,20,0,0,0,,20040,0,0,1,0,0,20001,0,0,0,0,0,0,0,0,1
,20040,(L),500,_Auto_3_H,0,1,10,0,20,10,20,10,0,0,0,0,1,0,0,10,Test_Counter,0,test_fx,5,1,5,20,0,0,0,,20089,0,0,1,0,0,20001,0,0,0,0,0,0,0,0,1
,20041,(L),500,_Auto_Fin_H,0,1,100,0,50,25,50,25,80,0,0,0,1,1,1,10,Test_Counter,0,test_fx,75,1,30,20,0,0,0,,,0,0,1,0,0,20001,0,0,0,0,0,0,0,0,1
,20042,(S),0,_Skill_01_H_Casting,0,0,0,0,0,0,0,0,0,0,0,0,1,0,0,10,Test_Counter,0,test_fx,0,0,0,20,0,0,0,,,0,1,2,0,0,20043,0,0,0,0,0,0,0,0,0
,20043,(N),0,_Skill_01_H_Attack,0,2,300,0,50,25,50,25,70,0,0,0,1,1,0,10,Test_Counter,0,test_fx,500,30,30,20,0,0,0,,,0,1,10,2,0,20001,0,0,0,0,0,0,0,0,1
,20044,(N),0,_Skill_01_H_End,0,0,0,0,0,0,0,0,0,0,0,0,1,0,0,10,Test_Counter,0,test_fx,0,0,0,20,0,0,0,,,0,1,1,0,0,20001,0,0,0,0,0,0,0,0,0
,20045,(S),0,_Skill_02_H,0,2,150,0,50,25,50,25,70,0,0,0,1,0,0,10,Test_Counter,0,test_fx,200,30,30,20,0,0,0,,,0,1,10,3,0,20001,0,0,0,0,0,0,0,2,1
,20046,(N),0,_Skill_02_H_Loop,0,0,200,0,100,50,100,50,63,0,0,0,1,1,1,10,Test_Counter,0,test_fx,0,0,0,20,0,0,0,,,0,1,1,0,0,20047,0,0,0,0,0,0,0,0,0
,20047,(N),0,_Skill_02_H_End,0,0,0,0,0,0,0,0,0,0,0,0,1,0,0,10,Test_Counter,0,test_fx,0,0,0,20,0,0,0,,,0,1,1,0,0,20001,0,0,0,0,0,0,0,0,0
,20048,(S),0,_Skill_03_H_Casting,0,0,0,0,0,0,0,0,0,0,0,0,1,0,0,10,Test_Counter,0,test_fx,0,0,0,20,0,0,0,,,0,1,1,0,0,20049,0,0,0,0,0,0,0,0,0
,20049,(N),0,_Skill_03_H_Attack,0,2,150,0,50,25,50,25,63,0,0,0,1,1,0,10,Test_Counter,0,test_fx,500,30,30,20,0,0,0,,,0,1,10,1,0,20001,0,0,0,0,0,0,0,0,1
,20050,(T),0,_Super_01_H_Attack,0,2,100,0,50,25,50,25,92,0,1,1,1,1,1,10,Test_Counter,0,test_fx,300,40,40,20,0,0,20,,,0,1,0,0,0,20001,0,0,0,0,0,0,0,2,1
,20051,(N),0,_Damaged_Aerial_Down_Loop,0,0,0,0,0,0,0,0,0,0,0,0,1,0,0,10,Test_Counter,0,test_fx,0,0,0,0,0,0,0,,,0,0,0,0,0,20013,0,0,0,0,0,0,0,2,0
,20052,(N),0,_Damaged_Aerial_Start,0,0,0,0,0,0,0,0,0,0,0,0,1,0,0,10,Test_Counter,0,test_fx,0,0,0,0,0,0,0,,,0,0,0,0,0,20053,0,0,0,0,0,0,0,2,0
,20053,(N),0,_Damaged_Aerial_Loop,0,0,0,0,0,0,0,0,0,0,0,0,1,0,0,10,Test_Counter,0,test_fx,0,0,0,0,0,0,0,,,0,0,0,0,0,20054,0,0,0,0,0,0,0,2,0
,20054,(N),0,_Damaged_Aerial_End,0,0,0,0,0,0,0,0,0,0,0,0,1,0,0,10,Test_Counter,0,test_fx,0,0,0,0,0,0,0,,,0,0,0,0,0,20051,0,0,0,0,0,0,0,2,0
,20055,(N),0,_Damaged_Cr_Air_L_Start,0,0,0,0,0,0,0,0,0,0,0,0,1,0,0,10,Test_Counter,0,test_fx,0,0,0,0,0,0,0,,,0,0,0,0,0,20056,0,0,0,0,0,0,0,2,0
,20056,(N),0,_Damaged_Cr_Air_L_Loop,0,0,0,0,0,0,0,0,0,0,0,0,1,0,0,10,Test_Counter,0,test_fx,0,0,0,0,0,0,0,,,0,0,0,0,0,20057,0,0,0,0,0,0,0,2,0
,20057,(N),0,_Damaged_Cr_Air_L_End,0,0,0,0,0,0,0,0,0,0,0,0,1,0,0,10,Test_Counter,0,test_fx,0,0,0,0,0,0,0,,,0,0,0,0,0,20001,0,0,0,0,0,0,0,2,0
,20058,(N),0,_Damaged_Cr_Air_H_Start,0,0,0,0,0,0,0,0,0,0,0,0,1,0,0,10,Test_Counter,0,test_fx,0,0,0,0,0,0,0,,,0,0,0,0,0,20059,0,0,0,0,0,0,0,2,0
,20059,(N),0,_Damaged_Cr_Air_H_Loop,0,0,0,0,0,0,0,0,0,0,0,0,1,0,0,10,Test_Counter,0,test_fx,0,0,0,0,0,0,0,,,0,0,0,0,0,20060,0,0,0,0,0,0,0,2,0
,20060,(N),0,_Damaged_Cr_Air_H_End,0,0,0,0,0,0,0,0,0,0,0,0,1,0,0,10,Test_Counter,0,test_fx,0,0,0,0,0,0,0,,,0,0,0,0,0,20013,0,0,0,0,0,0,0,2,0
,20061,(N),0,_Damaged_Cr_Low_L,0,0,0,0,0,0,0,0,0,0,0,0,1,0,0,10,Test_Counter,0,test_fx,0,0,0,0,0,0,0,,,0,0,0,0,0,20001,0,0,0,0,0,0,0,1,0
,20062,(N),0,_Damaged_Cr_Low_H,0,0,0,0,0,0,0,0,0,0,0,0,1,0,0,10,Test_Counter,0,test_fx,0,0,0,0,0,0,0,,,0,0,0,0,0,20012,0,0,0,0,0,0,0,1,0
,20063,(N),0,_Damaged_Down,0,0,0,0,0,0,0,0,0,0,0,0,1,0,0,10,Test_Counter,0,test_fx,0,0,0,0,0,0,0,,,0,0,0,0,0,20064,0,0,0,0,0,0,0,3,0
,20064,(N),0,_Damaged_Down_Loop,0,0,0,0,0,0,0,0,0,0,0,0,1,0,0,10,Test_Counter,0,test_fx,0,0,0,0,0,0,0,,,0,0,0,0,0,20012,1000,0,2,0,0,0,0,3,0
,20065,(N),0,_Damaged_St_High_L,0,0,0,0,0,0,0,0,0,0,0,0,1,0,0,10,Test_Counter,0,test_fx,0,0,0,0,0,0,0,,,0,0,0,0,0,20001,0,0,0,0,0,0,0,0,0
,20066,(N),0,_Damaged_St_Low_H,0,0,0,0,0,0,0,0,0,0,0,0,1,0,0,10,Test_Counter,0,test_fx,0,0,0,0,0,0,0,,,0,0,0,0,0,20063,0,0,0,0,0,0,0,0,0
,20067,(N),0,_Damaged_St_High_L_02,0,0,0,0,0,0,0,0,0,0,0,0,1,0,0,10,Test_Counter,0,test_fx,0,0,0,0,0,0,0,,,0,0,0,0,0,20001,0,0,0,0,0,0,0,0,0
,20068,(N),0,_Damaged_St_High_L_03,0,0,0,0,0,0,0,0,0,0,0,0,1,0,0,10,Test_Counter,0,test_fx,0,0,0,0,0,0,0,,,0,0,0,0,0,20001,0,0,0,0,0,0,0,0,0
,20069,(N),0,_Damaged_St_High_L_Rapid,0,0,0,0,0,0,0,0,0,0,0,0,1,0,0,10,Test_Counter,0,test_fx,0,0,0,0,0,0,0,,,0,0,0,0,0,20001,0,0,0,0,0,0,0,0,0
,20070,(N),0,_Damaged_Blowback,0,0,0,0,0,0,0,0,0,0,0,0,1,1,0,10,Test_Counter,0,test_fx,0,0,0,0,0,0,0,,,0,0,0,0,0,20064,0,0,0,0,0,0,0,2,0
,20071,(N),0,_Intro_Cut,0,0,0,0,0,0,0,0,0,0,0,0,1,0,0,10,Test_Counter,0,test_fx,0,0,0,0,0,0,0,,,0,0,0,0,0,20001,0,0,0,0,0,0,0,0,0
,20072,(N),0,_Damaged_Wall_Hit,0,0,0,0,0,0,0,0,0,0,0,0,1,1,0,10,Test_Counter,0,test_fx,0,0,0,0,0,0,0,,,0,0,0,0,0,20064,0,0,0,0,0,0,0,0,0
,20073,(N),0,_Damaged_Wall_Combo,0,0,0,0,0,0,0,0,0,0,0,0,1,1,0,10,Test_Counter,0,test_fx,0,0,0,0,0,0,0,,,0,0,0,0,0,20064,0,0,0,0,0,0,0,0,0
,20074,"(2),(6),(L)","0,500,500",_Skill_01_H_Casting,0,0,0,0,0,0,0,0,0,0,0,0,1,0,0,10,Test_Counter,0,test_fx,0,0,0,20,0,0,0,,,0,1,1,0,0,20075,0,0,0,0,0,0,0,0,0
,20075,(N),0,_Skill_01_H_Attack,0,2,300,0,50,25,50,25,65,0,0,0,1,1,0,10,Test_Counter,0,test_fx,500,30,30,20,0,0,0,,,0,1,10,2,0,20001,0,0,0,0,0,0,0,0,1
,20076,(N),0,_Skill_01_H_End,0,0,0,0,0,0,0,0,0,0,0,0,1,0,0,10,Test_Counter,0,test_fx,0,0,0,20,0,0,0,,,0,1,1,0,0,20001,0,0,0,0,0,0,0,0,0
,20077,"(6),(2),(6),(L)","0,500,500,500",_Skill_02_H,0,2,150,0,50,25,50,25,70,0,0,0,1,0,0,10,Test_Counter,0,test_fx,200,30,30,20,0,0,0,,,0,1,10,3,0,20001,0,0,0,0,0,0,0,2,1
,20078,"(2),(4),(L)","0,500,500",_Skill_03_H_Casting,0,0,0,0,0,0,0,0,0,0,0,0,1,0,0,10,Test_Counter,0,test_fx,0,0,0,20,0,0,0,,,0,1,1,0,0,20079,0,0,0,0,0,0,0,0,0
,20079,(N),0,_Skill_03_H_Attack,0,2,150,0,50,25,50,25,63,0,0,0,1,1,0,10,Test_Counter,0,test_fx,500,30,30,20,0,0,0,,,0,1,10,1,0,20001,0,0,0,0,0,0,0,0,1
,20080,(N),0,_Damaged_St_High_H,0,0,0,0,0,0,0,0,0,0,0,0,1,0,0,10,Test_Counter,0,test_fx,0,0,0,0,0,0,0,,,0,0,0,0,0,20001,0,0,0,0,0,0,0,0,0
,20081,(N),0,_Damaged_St_Mid_H,0,0,0,0,0,0,0,0,0,0,0,0,1,0,0,10,Test_Counter,0,test_fx,0,0,0,0,0,0,0,,,0,0,0,0,0,20001,0,0,0,0,0,0,0,0,0
,20082,(N),0,_Damaged_Cr_Overhead,0,0,0,0,0,0,0,0,0,0,0,0,1,0,0,10,Test_Counter,0,test_fx,0,0,0,0,0,0,0,,,0,0,0,0,0,20001,0,0,0,0,0,0,0,1,0
,20083,(L),500,_Atk_St_L,0,1,50,0,25,13,25,13,65,0,0,0,1,0,0,10,Test_Counter,0,test_fx,45,15,15,20,0,0,0,,,0,0,3,0,1,20001,0,0,0,0,0,0,0,0,1
,20084,(H),500,_Atk_St_H,0,1,150,0,50,25,50,25,81,0,0,0,1,0,0,10,Test_Counter,0,test_fx,75,30,30,20,0,0,0,,,0,0,5,0,0,20001,0,0,0,0,0,0,0,0,1
,20085,(L),0,_Atk_Chain_Low,0,1,50,0,25,13,25,13,0,0,0,0,1,0,0,10,Test_Counter,0,test_fx,45,1,15,20,0,0,0,,20086,0,0,2,0,0,20001,0,0,0,0,0,0,0,0,1
,20086,(L),500,_Auto_2_Low,0,1,50,0,25,13,25,13,0,0,0,0,1,0,0,10,Test_Counter,0,test_fx,45,1,15,20,0,0,0,,20088,0,0,2,0,0,20001,0,0,0,0,0,0,0,0,3
,20087,(L),500,_Auto_3_Low,0,1,75,0,25,13,25,13,0,0,0,0,1,0,0,10,Test_Counter,0,test_fx,45,1,15,20,0,0,0,,,0,0,2,0,0,20001,0,0,0,0,0,0,0,0,3
,20088,(L),500,_Auto_Fin_Low,0,1,75,0,25,13,25,13,65,0,0,0,1,1,1,10,Test_Counter,0,test_fx,75,1,30,20,0,0,0,,20090,0,0,2,0,0,20001,0,0,0,0,0,0,0,0,1
,20089,(L),0,_Skill_01_H_Casting,0,0,0,0,0,0,0,0,0,0,0,0,1,0,0,10,Test_Counter,0,test_fx,0,0,0,20,0,0,0,,,0,1,10,0,0,20043,0,0,0,0,0,0,0,0,0
,20090,(L),0,_Skill_02_H,0,2,150,0,50,25,50,25,70,0,0,0,1,0,0,10,Test_Counter,0,test_fx,200,30,30,20,0,0,0,,,0,1,10,3,0,20001,0,0,0,0,0,0,0,2,1
,20091,(L),0,_Skill_03_H_Casting,0,0,0,0,0,0,0,0,0,0,0,0,1,0,0,10,Test_Counter,0,test_fx,0,0,0,20,0,0,0,,,0,1,10,0,0,20049,0,0,0,0,0,0,0,0,0
,20092,(N),0,_ChainDamaged_Upper,0,0,0,0,0,0,0,0,0,0,0,0,1,1,0,10,Test_Counter,0,test_fx,0,0,0,0,0,0,0,,,0,0,0,0,0,20013,0,0,0,0,0,0,0,2,0
,20093,(N),0,_ChainDamaged_Middle,0,0,0,0,0,0,0,0,0,0,0,0,1,1,0,10,Test_Counter,0,test_fx,0,0,0,0,0,0,0,,,0,0,0,0,0,20012,0,0,0,0,0,0,0,0,0
,20094,(N),0,_ChainDamaged_Lower,0,0,0,0,0,0,0,0,0,0,0,0,1,1,0,10,Test_Counter,0,test_fx,0,0,0,0,0,0,0,,,0,0,0,0,0,20013,0,0,0,0,0,0,0,2,0
,20095,(T),0,_Super_01_H_Casting,0,0,0,0,0,0,0,0,0,0,0,0,1,0,0,10,Test_Counter,0,test_fx,0,0,0,20,0,0,0,,,0,0,1,0,0,20050,0,0,0,0,0,0,0,0,0
,20097,(N),0,_Side_Change,0,0,0,0,0,0,0,0,0,0,0,0,0,0,0,0,Test_Counter,0,test_fx,0,0,0,0,0,0,0,,,0,0,0,0,0,20001,0,0,0,0,0,0,0,0,0
,20098,(N),0,_Side_Change_Crouch,0,0,0,0,0,0,0,0,0,0,0,0,0,0,0,0,Test_Counter,0,test_fx,0,0,0,0,0,0,0,,,0,0,0,0,0,20002,0,0,0,0,0,0,0,1,0
,10001,(N),0,_Stand,1,0,0,0,0,0,0,0,0,0,0,0,1,1,0,10,Test_Counter,0,test_fx,0,0,0,0,0,0,0,,"10007,10077,10078,10074,10083,10084,10014,10005,10006,10002,10003,10004,10008,10009,10042,10045,10048,10095,10019,10101,10097,10098",0,0,0,0,0,10001,0,0,1,0,1,0,0,0,0
,10101,(8),0,_Stand,1,0,0,0,0,0,0,0,0,0,0,0,1,1,0,10,Test_Counter,0,test_fx,0,0,0,0,0,0,0,,"10022,10014,10015,10016,10095",0,0,0,0,0,10001,0,0,1,0,1,0,0,0,0
,10002,(2),0,_Crouch,1,0,0,0,0,0,0,0,0,0,0,0,1,1,0,10,Test_Counter,0,test_fx,0,0,0,0,0,0,0,,"10023,10024",0,0,0,0,0,10001,0,0,1,0,1,0,0,1,0
,10003,(6),0,_Walk_Front,1,0,0,0,0,0,0,0,0,0,0,0,1,1,0,10,Test_Counter,0,test_fx,0,0,0,0,0,0,0,,"10045,10015,10004,10033,10083,10084,10095",0,0,0,0,0,10001,0,0,1,1,1,0,0,0,0
,10004,(4),0,_Walk_Back,1,0,0,0,0,0,0,0,0,0,0,0,1,1,0,10,Test_Counter,0,test_fx,0,0,0,0,0,0,0,,"10048,10016,10003,10083,10084,10095",0,0,0,0,0,10001,0,0,1,3,1,0,0,0,0
,10005,(6),0,_Dash_Front,1,0,0,0,0,0,0,0,0,0,0,0,1,1,0,10,Test_Counter,0,test_fx,0,0,0,20,0,0,0,,"10015,10025,10026,10045,10095",0,0,0,0,0,10001,0,10003,1,0,1,0,0,0,0
,10006,(4),0,_Dash_Back,0,0,0,0,0,0,0,0,0,0,0,0,1,1,0,10,Test_Counter,0,test_fx,0,0,0,20,0,0,15,,,0,0,0,0,0,10001,0,10004,0,0,1,0,0,0,0
,10007,"(6),(P)","0,500",_Dodge_Front,0,0,0,0,0,0,0,0,0,0,0,0,1,1,0,10,Test_Counter,0,test_fx,0,0,0,20,0,0,0,,,0,0,0,0,0,10001,0,0,0,0,0,0,0,0,0
,10008,(4),0,_Guard_St,0,0,0,0,0,0,0,0,0,0,0,0,1,1,0,10,Test_Counter,0,test_fx,0,0,0,0,0,0,0,,,0,0,0,0,0,10001,0,10004,0,0,1,0,0,0,0
,10009,(2|4),0,_Guard_Cr,0,0,0,0,0,0,0,0,0,0,0,0,1,1,0,10,Test_Counter,0,test_fx,0,0,0,0,0,0,0,,,0,0,0,0,0,10002,0,10002,0,0,1,0,0,1,0
,10010,(N),0,_Guard_Crush_St,0,0,0,0,0,0,0,0,0,0,0,0,1,1,0,10,Test_Counter,0,test_fx,0,0,0,20,0,0,0,,,0,0,0,0,0,10001,0,0,0,0,0,0,0,0,0
,10011,(N),0,_Guard_Crush_Cr,0,0,0,0,0,0,0,0,0,0,0,0,1,1,0,10,Test_Counter,0,test_fx,0,0,0,20,0,0,0,,,0,0,0,0,0,10001,0,0,0,0,0,0,0,1,0
,10012,(N),0,_Getup,0,0,0,0,0,0,0,0,0,0,0,0,1,1,0,10,Test_Counter,0,test_fx,0,0,0,20,0,0,0,,,0,0,0,0,0,10001,0,0,0,0,2,0,0,0,0
,10013,(N),0,_Getup_Fast,0,0,0,0,0,0,0,0,0,0,0,0,1,1,0,10,Test_Counter,0,test_fx,0,0,0,20,0,0,0,,,0,0,0,0,0,10001,0,0,0,0,2,0,0,0,0
,10014,(J),0,_Jump_Vertical,0,0,0,0,0,0,0,0,0,0,0,0,1,1,0,10,Test_Counter,0,test_fx,0,0,0,20,0,0,0,,"10027,10028",0,0,0,0,0,10001,0,0,0,0,2,0,0,2,0
,10015,(J),0,_Jump_Front,0,0,0,0,0,0,0,0,0,0,0,0,1,1,0,10,Test_Counter,0,test_fx,0,0,0,20,0,0,0,,"10029,10030",0,0,0,0,0,10001,0,0,0,0,2,0,0,2,0
,10016,(J),0,_Jump_Back,0,0,0,0,0,0,0,0,0,0,0,0,1,1,0,10,Test_Counter,0,test_fx,0,0,0,20,0,0,0,,"10031,10032",0,0,0,0,0,10001,0,0,0,0,2,0,0,2,0
,10017,(6|J),0,_Jump_Front,0,0,0,0,0,0,0,0,0,0,0,0,1,1,0,10,Test_Counter,0,test_fx,0,0,0,20,0,0,0,,"10029,10030",0,0,0,0,0,10001,0,0,0,0,2,0,0,2,0
,10018,(4|J),0,_Jump_Back,0,0,0,0,0,0,0,0,0,0,0,0,1,1,0,10,Test_Counter,0,test_fx,0,0,0,20,0,0,0,,"10031,10032",0,0,0,0,0,10001,0,0,0,0,2,0,0,2,0
,10019,(P),0,_Parry,0,0,0,0,0,0,0,0,0,0,0,0,1,1,0,10,Test_Counter,0,test_fx,0,0,0,20,0,0,0,,,0,0,0,0,0,10001,0,0,0,0,0,0,0,0,0
,10020,(N),0,_KO_H,0,0,0,0,0,0,0,0,0,0,0,0,1,1,0,10,Test_Counter,0,test_fx,0,0,0,20,0,0,0,,,0,0,0,0,0,10064,0,0,0,0,0,0,0,4,0
,10021,(N),0,_Result_Win,0,0,0,0,0,0,0,0,0,0,0,0,1,1,0,10,Test_Counter,0,test_fx,0,0,0,20,0,0,0,,,0,0,0,0,0,10001,0,0,0,0,0,0,0,0,0
,10022,(H),0,_Atk_Aerial,0,1,100,0,50,25,50,25,92,0,1,1,5,0,0,10,Test_Counter,0,test_fx,300,30,30,20,0,0,0,,,10034,0,10,0,0,10001,0,0,0,0,0,0,0,0,1
,10023,(L),0,_Atk_Cr_L,0,1,50,0,25,13,25,13,61,0,0,0,1,0,0,10,Test_Counter,0,test_fx,45,15,15,20,0,0,0,,,0,0,3,1,1,10002,0,0,0,0,0,0,0,1,1
,10024,(H),0,_Atk_Cr_H,0,1,100,0,50,25,50,25,94,0,0,1,1,0,0,10,Test_Counter,1,test_fx,300,30,30,20,0,0,0,,,10085,0,10,0,0,10002,0,0,0,0,0,0,0,1,3
,10025,(L),0,_Atk_Dash_L,0,1,50,0,25,13,25,13,65,0,0,0,1,1,0,10,Test_Counter,0,test_fx,100,15,15,20,0,0,0,,,0,0,5,0,0,10001,0,0,0,0,0,0,0,0,1
,10026,(H),0,_Atk_Dash_H,0,1,150,0,50,25,50,25,70,1,0,0,1,1,1,10,Test_Counter,0,test_fx,350,30,30,20,0,0,0,,,0,0,10,3,0,10001,0,0,0,0,0,0,0,0,1
,10027,(L),0,_Atk_Jp_Vertical_L,0,1,50,0,25,13,25,13,65,0,0,0,1,0,0,10,Test_Counter,0,test_fx,45,15,15,20,0,0,0,,,0,0,1,0,0,10001,0,0,0,0,0,0,0,2,2
,10028,(H),0,_Atk_Jp_Vertical_H,0,1,100,0,50,25,50,25,70,0,0,0,1,1,1,10,Test_Counter,0,test_fx,200,30,30,20,0,0,0,,,0,0,1,1,0,10001,0,0,0,0,0,0,0,2,2
,10029,(L),0,_Atk_Jp_Front_L,0,1,50,0,25,13,25,13,65,0,0,0,1,0,0,10,Test_Counter,0,test_fx,45,15,15,20,0,0,0,,,0,0,1,0,0,10001,0,0,0,0,0,0,0,2,2
,10030,(H),0,_Atk_Jp_Front_H,0,1,150,0,50,25,50,25,70,0,0,0,1,1,1,10,Test_Counter,0,test_fx,200,30,30,20,0,0,0,,,0,0,1,2,0,10001,0,0,0,0,0,0,0,2,2
,10031,(L),0,_Atk_Jp_Back_L,0,1,50,0,25,13,25,13,65,0,0,0,1,0,0,10,Test_Counter,0,test_fx,45,15,15,20,0,0,0,,,0,0,1,0,0,10001,0,0,0,0,0,0,0,2,2
,10032,(H),0,_Atk_Jp_Back_H,0,1,100,0,50,25,50,25,70,0,0,0,1,1,1,10,Test_Counter,0,test_fx,200,30,30,20,0,0,0,,,0,0,1,3,0,10001,0,0,0,0,0,0,0,2,2
,10033,(H),0,_Atk_Overhead,0,1,100,0,50,25,50,25,93,0,0,1,1,0,0,10,Test_Counter,0,test_fx,300,30,30,20,0,0,0,,,10038,0,10,0,0,10001,0,0,0,0,0,0,0,0,2
,10034,(L),0,_Atk_St_L,0,1,50,0,25,13,25,13,0,0,0,0,1,0,0,10,Test_Counter,0,test_fx,45,15,15,20,0,0,0,,10035,0,0,2,0,0,10001,0,0,0,0,0,0,0,0,1
,10035,(L),500,_Auto_2_L,0,1,50,0,25,13,25,13,0,0,0,0,1,0,0,10,Test_Counter,0,test_fx,45,15,15,20,0,0,0,,10036,0,0,2,0,0,10001,0,0,0,0,0,0,0,0,1
,10036,(L),500,_Auto_3_L,0,1,75,0,25,13,25,13,0,0,0,0,1,0,0,10,Test_Counter,0,test_fx,45,15,15,20,0,0,0,,10037,0,0,2,0,0,10001,0,0,0,0,0,0,0,0,1
,10037,(L),500,_Auto_Fin_L,0,1,75,0,25,13,25,13,70,0,0,0,1,1,1,10,Test_Counter,0,test_fx,75,30,30,20,0,0,0,,10091,0,0,2,0,0,10001,0,0,0,0,0,0,0,0,1
,10038,(L),0,_Atk_St_H,0,1,50,0,50,25,50,25,0,0,0,0,1,0,0,10,Test_Counter,0,test_fx,75,30,30,20,0,0,0,,10039,0,0,1,0,0,10001,0,0,0,0,0,0,0,0,1
,10039,(L),500,_Auto_2_H,0,1,70,0,50,25,50,25,0,0,0,0,1,0,0,10,Test_Counter,0,test_fx,75,30,30,20,0,0,0,,10040,0,0,1,0,0,10001,0,0,0,0,0,0,0,0,1
,10040,(L),500,_Auto_3_H,0,1,10,0,20,10,20,10,0,0,0,0,1,0,0,10,Test_Counter,0,test_fx,5,2,5,20,0,0,0,,10089,0,0,1,0,0,10001,0,0,0,0,0,0,0,0,1
,10041,(L),500,_Auto_Fin_H,0,1,100,0,50,25,50,25,70,0,0,0,1,1,1,10,Test_Counter,0,test_fx,75,30,30,20,0,0,0,,,0,0,1,0,0,10001,0,0,0,0,0,0,0,0,1
,10042,(S),0,_Skill_01_H_Casting,0,0,0,0,0,0,0,0,0,0,0,0,1,0,0,10,Test_Counter,0,test_fx,0,0,0,20,0,0,0,,,0,1,2,0,0,10043,0,0,0,0,0,0,0,0,0
,10043,(N),0,_Skill_01_H_Attack,0,2,300,0,50,25,50,25,65,0,0,0,1,1,0,10,Test_Counter,0,test_fx,0,30,30,20,0,0,0,,,0,1,10,2,0,10001,0,0,0,0,0,0,0,0,1
,10044,(N),0,_Skill_01_H_End,0,0,0,0,0,0,0,0,0,0,0,0,1,0,0,10,Test_Counter,0,test_fx,0,0,0,20,0,0,0,,,0,1,1,0,0,10001,0,0,0,0,0,0,0,0,0
,10045,(S),0,_Skill_02_H,0,2,150,0,50,25,50,25,70,0,0,0,1,0,0,10,Test_Counter,0,test_fx,500,30,30,20,0,0,0,,,0,1,10,3,0,10001,0,0,0,0,0,0,0,2,1
,10046,(N),0,_Skill_02_H_Loop,0,0,200,0,100,50,100,50,63,0,0,0,1,1,1,10,Test_Counter,0,test_fx,0,0,0,20,0,0,0,,,0,1,1,0,0,10047,0,0,0,0,0,0,0,0,0
,10047,(N),0,_Skill_02_H_End,0,0,0,0,0,0,0,0,0,0,0,0,1,0,0,10,Test_Counter,0,test_fx,0,0,0,20,0,0,0,,,0,1,1,0,0,10001,0,0,0,0,0,0,0,0,0
,10048,(S),0,_Skill_03_H_Casting,0,0,0,0,0,0,0,0,0,0,0,0,1,0,0,10,Test_Counter,0,test_fx,0,0,0,20,0,0,0,,,0,1,1,0,0,10049,0,0,0,0,0,0,0,0,0
,10049,(N),0,_Skill_03_H_Attack,0,2,150,0,50,25,50,25,63,0,0,0,1,1,0,10,Test_Counter,0,test_fx,500,30,30,20,0,0,0,,,0,1,10,1,0,10001,0,0,0,0,0,0,0,0,1
,10050,(T),0,_Super_01_H_Attack,0,2,100,0,50,25,50,25,92,0,1,1,1,1,1,10,Test_Counter,0,test_fx,300,40,40,20,0,0,20,,,0,1,1,0,0,10001,0,0,0,0,0,0,0,2,1
,10051,(N),0,_Damaged_Aerial_Down_Loop,0,0,0,0,0,0,0,0,0,0,0,0,1,0,0,10,Test_Counter,0,test_fx,0,0,0,0,0,0,0,,,0,0,0,0,0,10013,0,0,0,0,0,0,0,2,0
,10052,(N),0,_Damaged_Aerial_Start,0,0,0,0,0,0,0,0,0,0,0,0,1,0,0,10,Test_Counter,0,test_fx,0,0,0,0,0,0,0,,,0,0,0,0,0,10053,0,0,0,0,0,0,0,2,0
,10053,(N),0,_Damaged_Aerial_Loop,0,0,0,0,0,0,0,0,0,0,0,0,1,0,0,10,Test_Counter,0,test_fx,0,0,0,0,0,0,0,,,0,0,0,0,0,10054,0,0,0,0,0,0,0,2,0
,10054,(N),0,_Damaged_Aerial_End,0,0,0,0,0,0,0,0,0,0,0,0,1,0,0,10,Test_Counter,0,test_fx,0,0,0,0,0,0,0,,,0,0,0,0,0,10051,0,0,0,0,0,0,0,2,0
,10055,(N),0,_Damaged_Cr_Air_L_Start,0,0,0,0,0,0,0,0,0,0,0,0,1,0,0,10,Test_Counter,0,test_fx,0,0,0,0,0,0,0,,,0,0,0,0,0,10056,0,0,0,0,0,0,0,2,0
,10056,(N),0,_Damaged_Cr_Air_L_Loop,0,0,0,0,0,0,0,0,0,0,0,0,1,0,0,10,Test_Counter,0,test_fx,0,0,0,0,0,0,0,,,0,0,0,0,0,10057,0,0,0,0,0,0,0,2,0
,10057,(N),0,_Damaged_Cr_Air_L_End,0,0,0,0,0,0,0,0,0,0,0,0,1,0,0,10,Test_Counter,0,test_fx,0,0,0,0,0,0,0,,,0,0,0,0,0,10001,0,0,0,0,0,0,0,2,0
,10058,(N),0,_Damaged_Cr_Air_H_Start,0,0,0,0,0,0,0,0,0,0,0,0,1,0,0,10,Test_Counter,0,test_fx,0,0,0,0,0,0,0,,,0,0,0,0,0,10059,0,0,0,0,0,0,0,2,0
,10059,(N),0,_Damaged_Cr_Air_H_Loop,0,0,0,0,0,0,0,0,0,0,0,0,1,0,0,10,Test_Counter,0,test_fx,0,0,0,0,0,0,0,,,0,0,0,0,0,10060,0,0,0,0,0,0,0,2,0
,10060,(N),0,_Damaged_Cr_Air_H_End,0,0,0,0,0,0,0,0,0,0,0,0,1,0,0,10,Test_Counter,0,test_fx,0,0,0,0,0,0,0,,,0,0,0,0,0,10013,0,0,0,0,0,0,0,2,0
,10061,(N),0,_Damaged_Cr_Low_L,0,0,0,0,0,0,0,0,0,0,0,0,1,0,0,10,Test_Counter,0,test_fx,0,0,0,0,0,0,0,,,0,0,0,0,0,10001,0,0,0,0,0,0,0,1,0
,10062,(N),0,_Damaged_Cr_Low_H,0,0,0,0,0,0,0,0,0,0,0,0,1,0,0,10,Test_Counter,0,test_fx,0,0,0,0,0,0,0,,,0,0,0,0,0,10012,0,0,0,0,0,0,0,1,0
,10063,(N),0,_Damaged_Down,0,0,0,0,0,0,0,0,0,0,0,0,1,0,0,10,Test_Counter,0,test_fx,0,0,0,0,0,0,0,,,0,0,0,0,0,10064,0,0,0,0,0,0,0,3,0
,10064,(N),0,_Damaged_Down_Loop,0,0,0,0,0,0,0,0,0,0,0,0,1,0,0,10,Test_Counter,0,test_fx,0,0,0,0,0,0,0,,,0,0,0,0,0,10012,1000,0,2,0,0,0,0,3,0
,10065,(N),0,_Damaged_St_High_L,0,0,0,0,0,0,0,0,0,0,0,0,1,0,0,10,Test_Counter,0,test_fx,0,0,0,0,0,0,0,,,0,0,0,0,0,10001,0,0,0,0,0,0,0,0,0
,10066,(N),0,_Damaged_St_Low_H,0,0,0,0,0,0,0,0,0,0,0,0,1,0,0,10,Test_Counter,0,test_fx,0,0,0,0,0,0,0,,,0,0,0,0,0,10063,0,0,0,0,0,0,0,0,0
,10067,(N),0,_Damaged_St_High_L_02,0,0,0,0,0,0,0,0,0,0,0,0,1,0,0,10,Test_Counter,0,test_fx,0,0,0,0,0,0,0,,,0,0,0,0,0,10001,0,0,0,0,0,0,0,0,0
,10068,(N),0,_Damaged_St_High_L_03,0,0,0,0,0,0,0,0,0,0,0,0,1,0,0,10,Test_Counter,0,test_fx,0,0,0,0,0,0,0,,,0,0,0,0,0,10001,0,0,0,0,0,0,0,0,0
,10069,(N),0,_Damaged_St_High_L_Rapid,0,0,0,0,0,0,0,0,0,0,0,0,1,0,0,10,Test_Counter,0,test_fx,0,0,0,0,0,0,0,,,0,0,0,0,0,10001,0,0,0,0,0,0,0,0,0
,10070,(N),0,_Damaged_Blowback,0,0,0,0,0,0,0,0,0,0,0,0,1,1,0,10,Test_Counter,0,test_fx,0,0,0,0,0,0,0,,,0,0,0,0,0,10064,0,0,0,0,0,0,0,2,0
,10071,(N),0,_Intro_Cut,0,0,0,0,0,0,0,0,0,0,0,0,1,0,0,10,Test_Counter,0,test_fx,0,0,0,0,0,0,0,,,0,0,0,0,0,10001,0,0,0,0,0,0,0,0,0
,10072,(N),0,_Damaged_Wall_Hit,0,0,0,0,0,0,0,0,0,0,0,0,1,1,0,10,Test_Counter,0,test_fx,0,0,0,0,0,0,0,,,0,0,0,0,0,10064,0,0,0,0,0,0,0,0,0
,10073,(N),0,_Damaged_Wall_Combo,0,0,0,0,0,0,0,0,0,0,0,0,1,1,0,10,Test_Counter,0,test_fx,0,0,0,0,0,0,0,,,0,0,0,0,0,10064,0,0,0,0,0,0,0,0,0
,10074,"(2),(6),(L)","0,500,500",_Skill_01_H_Casting,0,0,0,0,0,0,0,0,0,0,0,0,1,0,0,10,Test_Counter,0,test_fx,0,0,0,20,0,0,0,,,0,1,1,0,0,10075,0,0,0,0,0,0,0,0,0
,10075,(N),0,_Skill_01_H_Attack,0,2,300,0,50,25,50,25,65,0,0,0,1,1,0,10,Test_Counter,0,test_fx,0,30,30,20,0,0,0,,,0,1,10,2,0,10001,0,0,0,0,0,0,0,0,1
,10076,(N),0,_Skill_01_H_End,0,0,0,0,0,0,0,0,0,0,0,0,1,0,0,10,Test_Counter,0,test_fx,0,0,0,20,0,0,0,,,0,1,1,0,0,10001,0,0,0,0,0,0,0,0,0
,10077,"(6),(2),(6),(L)","0,500,500,500",_Skill_02_H,0,2,150,0,50,25,50,25,70,0,0,0,1,0,0,10,Test_Counter,0,test_fx,500,30,30,20,0,0,0,,,0,1,10,3,0,10001,0,0,0,0,0,0,0,2,1
,10078,"(2),(4),(L)","0,500,500",_Skill_03_H_Casting,0,0,0,0,0,0,0,0,0,0,0,0,1,0,0,10,Test_Counter,0,test_fx,0,0,0,20,0,0,0,,,0,1,1,0,0,10079,0,0,0,0,0,0,0,0,0
,10079,(N),0,_Skill_03_H_Attack,0,2,150,0,50,25,50,25,63,0,0,0,1,1,0,10,Test_Counter,0,test_fx,500,30,30,20,0,0,0,,,0,1,10,1,0,10001,0,0,0,0,0,0,0,0,1
,10080,(N),0,_Damaged_St_High_H,0,0,0,0,0,0,0,0,0,0,0,0,1,0,0,10,Test_Counter,0,test_fx,0,0,0,0,0,0,0,,,0,0,0,0,0,10001,0,0,0,0,0,0,0,0,0
,10081,(N),0,_Damaged_St_Mid_H,0,0,0,0,0,0,0,0,0,0,0,0,1,0,0,10,Test_Counter,0,test_fx,0,0,0,0,0,0,0,,,0,0,0,0,0,10001,0,0,0,0,0,0,0,0,0
,10082,(N),0,_Damaged_Cr_Overhead,0,0,0,0,0,0,0,0,0,0,0,0,1,0,0,10,Test_Counter,0,test_fx,0,0,0,0,0,0,0,,,0,0,0,0,0,10001,0,0,0,0,0,0,0,1,0
,10083,(L),500,_Atk_St_L,0,1,50,0,25,13,25,13,65,0,0,0,1,0,0,10,Test_Counter,0,test_fx,45,15,15,20,0,0,0,,,0,0,3,0,1,10001,0,0,0,0,0,0,0,0,1
,10084,(H),500,_Atk_St_H,0,1,150,0,50,25,50,25,81,0,0,0,1,0,0,10,Test_Counter,0,test_fx,75,30,30,20,0,0,0,,,0,0,5,0,0,10001,0,0,0,0,0,0,0,0,1
,10085,(L),0,_Atk_Chain_Low,0,1,50,0,25,13,25,13,0,0,0,0,1,0,0,10,Test_Counter,0,test_fx,45,15,15,20,0,0,0,,10086,0,0,2,0,0,10001,0,0,0,0,0,0,0,0,1
,10086,(L),500,_Auto_2_Low,0,1,50,0,25,13,25,13,0,0,0,0,1,0,0,10,Test_Counter,0,test_fx,45,15,15,20,0,0,0,,10088,0,0,2,0,0,10001,0,0,0,0,0,0,0,0,3
,10087,(L),500,_Auto_3_Low,0,1,75,0,25,13,25,13,0,0,0,0,1,0,0,10,Test_Counter,0,test_fx,45,15,15,20,0,0,0,,,0,0,2,0,0,10001,0,0,0,0,0,0,0,0,3
,10088,(L),500,_Auto_Fin_Low,0,1,75,0,25,13,25,13,70,0,0,0,1,1,1,10,Test_Counter,0,test_fx,75,30,30,20,0,0,0,,10090,0,0,2,0,0,10001,0,0,0,0,0,0,0,0,1
,10089,(L),0,_Skill_01_H_Casting,0,0,0,0,0,0,0,0,0,0,0,0,1,0,0,10,Test_Counter,0,test_fx,0,0,0,20,0,0,0,,,0,1,10,0,0,10043,0,0,0,0,0,0,0,0,0
,10090,(L),0,_Skill_02_H,0,2,150,0,50,25,50,25,70,0,0,0,1,0,0,10,Test_Counter,0,test_fx,500,30,30,20,0,0,0,,,0,1,10,3,0,10001,0,0,0,0,0,0,0,2,1
,10091,(L),0,_Skill_03_H_Casting,0,0,0,0,0,0,0,0,0,0,0,0,1,0,0,10,Test_Counter,0,test_fx,0,0,0,20,0,0,0,,,0,1,10,0,0,10049,0,0,0,0,0,0,0,0,0
,10092,(N),0,_ChainDamaged_Upper,0,0,0,0,0,0,0,0,0,0,0,0,1,1,0,10,Test_Counter,0,test_fx,0,0,0,0,0,0,0,,,0,0,0,0,0,10013,0,0,0,0,0,0,0,2,0
,10093,(N),0,_ChainDamaged_Middle,0,0,0,0,0,0,0,0,0,0,0,0,1,1,0,10,Test_Counter,0,test_fx,0,0,0,0,0,0,0,,,0,0,0,0,0,10012,0,0,0,0,0,0,0,0,0
,10094,(N),0,_ChainDamaged_Lower,0,0,0,0,0,0,0,0,0,0,0,0,1,1,0,10,Test_Counter,0,test_fx,0,0,0,0,0,0,0,,,0,0,0,0,0,10013,0,0,0,0,0,0,0,2,0
,10095,(T),0,_Super_01_H_Casting,0,0,0,0,0,0,0,0,0,0,0,0,1,0,0,10,Test_Counter,0,test_fx,0,0,0,20,0,0,0,,,0,0,1,0,0,10050,0,0,0,0,0,0,0,0,0
,10097,(N),0,_Side_Change,0,0,0,0,0,0,0,0,0,0,0,0,0,0,0,0,Test_Counter,0,test_fx,0,0,0,0,0,0,0,,,0,0,0,0,0,10001,0,0,0,0,0,0,0,0,0
,10098,(N),0,_Side_Change_Crouch,0,0,0,0,0,0,0,0,0,0,0,0,0,0,0,0,Test_Counter,0,test_fx,0,0,0,0,0,0,0,,,0,0,0,0,0,10002,0,0,0,0,0,0,0,1,0
,30001,(N),0,_Stand,1,0,0,0,0,0,0,0,0,0,0,0,1,1,0,10,Test_Counter,0,test_fx,0,0,0,0,0,0,0,,"30007,30077,30078,30074,30083,30084,30014,30005,30006,30002,30003,30004,30008,30009,30042,30045,30048,30095,30019,31001,30097,30098, 30101,30102,30103,30104,30105,30106,30107,30108,30109,30110,30111,30112,30113,30114,30115,30116,30117,30118,30119,30120,30121,30122,30123,30124,30125,30126,30127,30128,30129,30210,30211,30212,30214,30215,30216,30224,30225,30226,30227,30228,30232,30233",0,0,0,0,0,30001,0,0,1,0,1,0,0,0,0
,31001,(8),0,_Stand,1,0,0,0,0,0,0,0,0,0,0,0,1,1,0,10,Test_Counter,0,test_fx,0,0,0,0,0,0,0,,"30022,30014,30015,30016,30095,30097,30098,30224,30225,30226,30227,30228,30232,30233",0,0,0,0,0,30001,0,0,1,0,1,0,0,0,0
,30002,(2),0,_Crouch,1,0,0,0,0,0,0,0,0,0,0,0,1,1,0,10,Test_Counter,0,test_fx,0,0,0,0,0,0,0,,"30023,30024,30101,30102,30103,30104,30105,30106,30107,30108,30109,30110,30111,30112,30113,30114,30115,30116,30117,30118,30119,30120,30121,30122,30123,30124,30125,30126,30127,30128,30129,30210,30211,30212,30214,30215,30216,30224,30225,30226,30227,30228,30232,30233",0,0,0,0,0,30001,0,0,1,0,1,0,0,1,0
,30003,(6),0,_Walk_Front,1,0,0,0,0,0,0,0,0,0,0,0,1,1,0,10,Test_Counter,0,test_fx,0,0,0,0,0,0,0,,"30045,30015,30004,30033,30083,30084,30095,30224,30225,30226,30227,30228,30232,30233",0,0,0,0,0,30001,0,0,1,1,1,0,0,0,0
,30004,(4),0,_Walk_Back,1,0,0,0,0,0,0,0,0,0,0,0,1,1,0,10,Test_Counter,0,test_fx,0,0,0,0,0,0,0,,"30048,30016,30003,30083,30084,30095,30229,30230,30231,30232,30233",0,0,0,0,0,30001,0,0,1,3,1,0,0,0,0
,30005,(6),0,_Dash_Front,1,0,0,0,0,0,0,0,0,0,0,0,1,1,0,10,Test_Counter,0,test_fx,0,0,0,20,0,0,0,,"30015,30025,30026,30045,30095",0,0,0,0,0,30001,0,30003,1,0,1,0,0,0,0
,30006,(4),0,_Dash_Back,0,0,0,0,0,0,0,0,0,0,0,0,1,1,0,10,Test_Counter,0,test_fx,0,0,0,20,0,0,15,,,0,0,0,0,0,30001,0,30004,0,0,1,0,0,0,0
,30007,"(6),(P)","0,500",_Dodge_Front,0,0,0,0,0,0,0,0,0,0,0,0,1,1,0,10,Test_Counter,0,test_fx,0,0,0,20,0,0,0,,,0,0,0,0,0,30001,0,0,0,0,0,0,0,0,0
,30008,(4),0,_Guard_St,0,0,0,0,0,0,0,0,0,0,0,0,1,1,0,10,Test_Counter,0,test_fx,0,0,0,0,0,0,0,,,0,0,0,0,0,30001,0,30004,0,0,1,0,0,0,0
,30009,(2|4),0,_Guard_Cr,0,0,0,0,0,0,0,0,0,0,0,0,1,1,0,10,Test_Counter,0,test_fx,0,0,0,0,0,0,0,,,0,0,0,0,0,30002,0,30002,0,0,1,0,0,1,0
,30010,(N),0,_Guard_Crush_St,0,0,0,0,0,0,0,0,0,0,0,0,1,1,0,10,Test_Counter,0,test_fx,0,0,0,20,0,0,0,,,0,0,0,0,0,30001,0,0,0,0,0,0,0,0,0
,30011,(N),0,_Guard_Crush_Cr,0,0,0,0,0,0,0,0,0,0,0,0,1,1,0,10,Test_Counter,0,test_fx,0,0,0,20,0,0,0,,,0,0,0,0,0,30001,0,0,0,0,0,0,0,1,0
,30012,(N),0,_Getup,0,0,0,0,0,0,0,0,0,0,0,0,1,1,0,10,Test_Counter,0,test_fx,0,0,0,20,0,0,0,,,0,0,0,0,0,30001,0,0,0,0,2,0,0,0,0
,30013,(N),0,_Getup_Fast,0,0,0,0,0,0,0,0,0,0,0,0,1,1,0,10,Test_Counter,0,test_fx,0,0,0,20,0,0,0,,,0,0,0,0,0,30001,0,0,0,0,2,0,0,0,0
,30014,(J),0,_Jump_Vertical,0,0,0,0,0,0,0,0,0,0,0,0,1,1,0,10,Test_Counter,0,test_fx,0,0,0,20,0,0,0,,"30027,30028",0,0,0,0,0,30001,0,0,0,0,2,0,0,2,0
,30015,(J),0,_Jump_Front,0,0,0,0,0,0,0,0,0,0,0,0,1,1,0,10,Test_Counter,0,test_fx,0,0,0,20,0,0,0,,"30029,30030",0,0,0,0,0,30001,0,0,0,0,2,0,0,2,0
,30016,(J),0,_Jump_Back,0,0,0,0,0,0,0,0,0,0,0,0,1,1,0,10,Test_Counter,0,test_fx,0,0,0,20,0,0,0,,"30031,30032",0,0,0,0,0,30001,0,0,0,0,2,0,0,2,0
,30017,(6|J),0,_Jump_Front,0,0,0,0,0,0,0,0,0,0,0,0,1,1,0,10,Test_Counter,0,test_fx,0,0,0,20,0,0,0,,"30029,30030",0,0,0,0,0,30001,0,0,0,0,2,0,0,2,0
,30018,(4|J),0,_Jump_Back,0,0,0,0,0,0,0,0,0,0,0,0,1,1,0,10,Test_Counter,0,test_fx,0,0,0,20,0,0,0,,"30031,30032",0,0,0,0,0,30001,0,0,0,0,2,0,0,2,0
,30019,(P),0,_Parry,0,0,0,0,0,0,0,0,0,0,0,0,1,1,0,10,Test_Counter,0,test_fx,0,0,0,20,0,0,0,,,0,0,0,0,0,30001,0,0,0,0,0,0,0,0,0
,30020,(N),0,_KO_H,0,0,0,0,0,0,0,0,0,0,0,0,1,1,0,10,Test_Counter,0,test_fx,0,0,0,20,0,0,0,,,0,0,0,0,0,30064,0,0,0,0,0,0,0,4,0
,30021,(N),0,_Result_Win,0,0,0,0,0,0,0,0,0,0,0,0,1,1,0,10,Test_Counter,0,test_fx,0,0,0,20,0,0,0,,,0,0,0,0,0,30001,0,0,0,0,0,0,0,0,0
,30022,(H),0,_Atk_Aerial,0,1,100,0,50,25,50,25,92,0,1,1,5,0,0,10,Test_Counter,0,test_fx,300,30,30,20,0,0,0,,,10034,0,10,0,0,30001,0,0,0,0,0,0,0,0,1
,30023,(L),0,_Atk_Cr_L,0,1,50,0,25,13,25,13,61,0,0,0,1,0,0,10,Test_Counter,0,test_fx,45,15,15,20,0,0,0,,,0,0,3,1,1,30002,0,0,0,0,0,0,0,1,1
,30024,(H),0,_Atk_Cr_H,0,1,100,0,50,25,50,25,94,0,0,1,1,0,0,10,Test_Counter,1,test_fx,300,30,30,20,0,0,0,,,10085,0,10,0,0,30002,0,0,0,0,0,0,0,1,3
,30025,(L),0,_Atk_Dash_L,0,1,50,0,25,13,25,13,65,0,0,0,1,1,0,10,Test_Counter,0,test_fx,100,15,15,20,0,0,0,,,0,0,5,0,0,30001,0,0,0,0,0,0,0,0,1
,30026,(H),0,_Atk_Dash_H,0,1,150,0,50,25,50,25,70,1,0,0,1,1,1,10,Test_Counter,0,test_fx,350,30,30,20,0,0,0,,,0,0,10,3,0,30001,0,0,0,0,0,0,0,0,1
,30027,(L),0,_Atk_Jp_Vertical_L,0,1,50,0,25,13,25,13,65,0,0,0,1,0,0,10,Test_Counter,0,test_fx,45,15,15,20,0,0,0,,,0,0,1,0,0,30001,0,0,0,0,0,0,0,2,2
,30028,(H),0,_Atk_Jp_Vertical_H,0,1,100,0,50,25,50,25,70,0,0,0,1,1,1,10,Test_Counter,0,test_fx,200,30,30,20,0,0,0,,,0,0,1,1,0,30001,0,0,0,0,0,0,0,2,2
,30029,(L),0,_Atk_Jp_Front_L,0,1,50,0,25,13,25,13,65,0,0,0,1,0,0,10,Test_Counter,0,test_fx,45,15,15,20,0,0,0,,,0,0,1,0,0,30001,0,0,0,0,0,0,0,2,2
,30030,(H),0,_Atk_Jp_Front_H,0,1,150,0,50,25,50,25,70,0,0,0,1,1,1,10,Test_Counter,0,test_fx,200,30,30,20,0,0,0,,,0,0,1,2,0,30001,0,0,0,0,0,0,0,2,2
,30031,(L),0,_Atk_Jp_Back_L,0,1,50,0,25,13,25,13,65,0,0,0,1,0,0,10,Test_Counter,0,test_fx,45,15,15,20,0,0,0,,,0,0,1,0,0,30001,0,0,0,0,0,0,0,2,2
,30032,(H),0,_Atk_Jp_Back_H,0,1,100,0,50,25,50,25,70,0,0,0,1,1,1,10,Test_Counter,0,test_fx,200,30,30,20,0,0,0,,,0,0,1,3,0,30001,0,0,0,0,0,0,0,2,2
,30033,(H),0,_Atk_Overhead,0,1,100,0,50,25,50,25,93,0,0,1,1,0,0,10,Test_Counter,0,test_fx,300,30,30,20,0,0,0,,,10038,0,10,0,0,30001,0,0,0,0,0,0,0,0,2
,30034,(L),0,_Atk_St_L,0,1,50,0,25,13,25,13,0,0,0,0,1,0,0,10,Test_Counter,0,test_fx,45,15,15,20,0,0,0,,30035,0,0,2,0,0,30001,0,0,0,0,0,0,0,0,1
,30035,(L),500,_Auto_2_L,0,1,50,0,25,13,25,13,0,0,0,0,1,0,0,10,Test_Counter,0,test_fx,45,15,15,20,0,0,0,,30036,0,0,2,0,0,30001,0,0,0,0,0,0,0,0,1
,30036,(L),500,_Auto_3_L,0,1,75,0,25,13,25,13,0,0,0,0,1,0,0,10,Test_Counter,0,test_fx,45,15,15,20,0,0,0,,30037,0,0,2,0,0,30001,0,0,0,0,0,0,0,0,1
,30037,(L),500,_Auto_Fin_L,0,1,75,0,25,13,25,13,70,0,0,0,1,1,1,10,Test_Counter,0,test_fx,75,30,30,20,0,0,0,,30091,0,0,2,0,0,30001,0,0,0,0,0,0,0,0,1
,30038,(L),0,_Atk_St_H,0,1,50,0,50,25,50,25,0,0,0,0,1,0,0,10,Test_Counter,0,test_fx,75,30,30,20,0,0,0,,30039,0,0,1,0,0,30001,0,0,0,0,0,0,0,0,1
,30039,(L),500,_Auto_2_H,0,1,70,0,50,25,50,25,0,0,0,0,1,0,0,10,Test_Counter,0,test_fx,75,30,30,20,0,0,0,,30040,0,0,1,0,0,30001,0,0,0,0,0,0,0,0,1
,30040,(L),500,_Auto_3_H,0,1,10,0,20,10,20,10,0,0,0,0,1,0,0,10,Test_Counter,0,test_fx,5,2,5,20,0,0,0,,30089,0,0,1,0,0,30001,0,0,0,0,0,0,0,0,1
,30041,(L),500,_Auto_Fin_H,0,1,100,0,50,25,50,25,70,0,0,0,1,1,1,10,Test_Counter,0,test_fx,75,30,30,20,0,0,0,,,0,0,1,0,0,30001,0,0,0,0,0,0,0,0,1
,30042,(S),0,_Skill_01_H_Casting,0,0,0,0,0,0,0,0,0,0,0,0,1,0,0,10,Test_Counter,0,test_fx,0,0,0,20,0,0,0,,,0,1,2,0,0,30043,0,0,0,0,0,0,0,0,0
,30043,(N),0,_Skill_01_H_Attack,0,2,300,0,50,25,50,25,65,0,0,0,1,1,0,10,Test_Counter,0,test_fx,500,30,30,20,0,0,0,,,0,1,10,2,0,30001,0,0,0,0,0,0,0,0,1
,30044,(N),0,_Skill_01_H_End,0,0,0,0,0,0,0,0,0,0,0,0,1,0,0,10,Test_Counter,0,test_fx,0,0,0,20,0,0,0,,,0,1,1,0,0,30001,0,0,0,0,0,0,0,0,0
,30045,(S),0,_Skill_02_H,0,2,150,0,50,25,50,25,70,0,0,0,1,0,0,10,Test_Counter,0,test_fx,500,30,30,20,0,0,0,,,0,1,10,3,0,30001,0,0,0,0,0,0,0,2,1
,30046,(N),0,_Skill_02_H_Loop,0,0,200,0,100,50,100,50,63,0,0,0,1,1,1,10,Test_Counter,0,test_fx,0,0,0,20,0,0,0,,,0,1,1,0,0,30047,0,0,0,0,0,0,0,0,0
,30047,(N),0,_Skill_02_H_End,0,0,0,0,0,0,0,0,0,0,0,0,1,0,0,10,Test_Counter,0,test_fx,0,0,0,20,0,0,0,,,0,1,1,0,0,30001,0,0,0,0,0,0,0,0,0
,30048,(S),0,_Skill_03_H_Casting,0,0,0,0,0,0,0,0,0,0,0,0,1,0,0,10,Test_Counter,0,test_fx,0,0,0,20,0,0,0,,,0,1,1,0,0,30049,0,0,0,0,0,0,0,0,0
,30049,(N),0,_Skill_03_H_Attack,0,2,150,0,50,25,50,25,63,0,0,0,1,1,0,10,Test_Counter,0,test_fx,500,30,30,20,0,0,0,,,0,1,10,1,0,30001,0,0,0,0,0,0,0,0,1
,30050,(N),0,_Super_01_H_Attack,0,2,100,0,50,25,50,25,92,0,1,1,1,1,1,10,Test_Counter,0,test_fx,300,40,40,20,0,0,20,,,0,1,1,0,0,30001,0,0,0,0,0,0,0,2,1
,30051,(N),0,_Damaged_Aerial_Down_Loop,0,0,0,0,0,0,0,0,0,0,0,0,1,0,0,10,Test_Counter,0,test_fx,0,0,0,0,0,0,0,,,0,0,0,0,0,30013,0,0,0,0,0,0,0,2,0
,30052,(N),0,_Damaged_Aerial_Start,0,0,0,0,0,0,0,0,0,0,0,0,1,0,0,10,Test_Counter,0,test_fx,0,0,0,0,0,0,0,,,0,0,0,0,0,30053,0,0,0,0,0,0,0,2,0
,30053,(N),0,_Damaged_Aerial_Loop,0,0,0,0,0,0,0,0,0,0,0,0,1,0,0,10,Test_Counter,0,test_fx,0,0,0,0,0,0,0,,,0,0,0,0,0,30054,0,0,0,0,0,0,0,2,0
,30054,(N),0,_Damaged_Aerial_End,0,0,0,0,0,0,0,0,0,0,0,0,1,0,0,10,Test_Counter,0,test_fx,0,0,0,0,0,0,0,,,0,0,0,0,0,30051,0,0,0,0,0,0,0,2,0
,30055,(N),0,_Damaged_Cr_Air_L_Start,0,0,0,0,0,0,0,0,0,0,0,0,1,0,0,10,Test_Counter,0,test_fx,0,0,0,0,0,0,0,,,0,0,0,0,0,30056,0,0,0,0,0,0,0,2,0
,30056,(N),0,_Damaged_Cr_Air_L_Loop,0,0,0,0,0,0,0,0,0,0,0,0,1,0,0,10,Test_Counter,0,test_fx,0,0,0,0,0,0,0,,,0,0,0,0,0,30057,0,0,0,0,0,0,0,2,0
,30057,(N),0,_Damaged_Cr_Air_L_End,0,0,0,0,0,0,0,0,0,0,0,0,1,0,0,10,Test_Counter,0,test_fx,0,0,0,0,0,0,0,,,0,0,0,0,0,30001,0,0,0,0,0,0,0,2,0
,30058,(N),0,_Damaged_Cr_Air_H_Start,0,0,0,0,0,0,0,0,0,0,0,0,1,0,0,10,Test_Counter,0,test_fx,0,0,0,0,0,0,0,,,0,0,0,0,0,30059,0,0,0,0,0,0,0,2,0
,30059,(N),0,_Damaged_Cr_Air_H_Loop,0,0,0,0,0,0,0,0,0,0,0,0,1,0,0,10,Test_Counter,0,test_fx,0,0,0,0,0,0,0,,,0,0,0,0,0,30060,0,0,0,0,0,0,0,2,0
,30060,(N),0,_Damaged_Cr_Air_H_End,0,0,0,0,0,0,0,0,0,0,0,0,1,0,0,10,Test_Counter,0,test_fx,0,0,0,0,0,0,0,,,0,0,0,0,0,30013,0,0,0,0,0,0,0,2,0
,30061,(N),0,_Damaged_Cr_Low_L,0,0,0,0,0,0,0,0,0,0,0,0,1,0,0,10,Test_Counter,0,test_fx,0,0,0,0,0,0,0,,,0,0,0,0,0,30001,0,0,0,0,0,0,0,1,0
,30062,(N),0,_Damaged_Cr_Low_H,0,0,0,0,0,0,0,0,0,0,0,0,1,0,0,10,Test_Counter,0,test_fx,0,0,0,0,0,0,0,,,0,0,0,0,0,30012,0,0,0,0,0,0,0,1,0
,30063,(N),0,_Damaged_Down,0,0,0,0,0,0,0,0,0,0,0,0,1,0,0,10,Test_Counter,0,test_fx,0,0,0,0,0,0,0,,,0,0,0,0,0,30064,0,0,0,0,0,0,0,3,0
,30064,(N),0,_Damaged_Down_Loop,0,0,0,0,0,0,0,0,0,0,0,0,1,0,0,10,Test_Counter,0,test_fx,0,0,0,0,0,0,0,,,0,0,0,0,0,30012,1000,0,2,0,0,0,0,3,0
,30065,(N),0,_Damaged_St_High_L,0,0,0,0,0,0,0,0,0,0,0,0,1,0,0,10,Test_Counter,0,test_fx,0,0,0,0,0,0,0,,,0,0,0,0,0,30001,0,0,0,0,0,0,0,0,0
,30066,(N),0,_Damaged_St_Low_H,0,0,0,0,0,0,0,0,0,0,0,0,1,0,0,10,Test_Counter,0,test_fx,0,0,0,0,0,0,0,,,0,0,0,0,0,30063,0,0,0,0,0,0,0,0,0
,30067,(N),0,_Damaged_St_High_L_02,0,0,0,0,0,0,0,0,0,0,0,0,1,0,0,10,Test_Counter,0,test_fx,0,0,0,0,0,0,0,,,0,0,0,0,0,30001,0,0,0,0,0,0,0,0,0
,30068,(N),0,_Damaged_St_High_L_03,0,0,0,0,0,0,0,0,0,0,0,0,1,0,0,10,Test_Counter,0,test_fx,0,0,0,0,0,0,0,,,0,0,0,0,0,30001,0,0,0,0,0,0,0,0,0
,30069,(N),0,_Damaged_St_High_L_Rapid,0,0,0,0,0,0,0,0,0,0,0,0,1,0,0,10,Test_Counter,0,test_fx,0,0,0,0,0,0,0,,,0,0,0,0,0,30001,0,0,0,0,0,0,0,0,0
,30070,(N),0,_Damaged_Blowback,0,0,0,0,0,0,0,0,0,0,0,0,1,1,0,10,Test_Counter,0,test_fx,0,0,0,0,0,0,0,,,0,0,0,0,0,30064,0,0,0,0,0,0,0,2,0
,30071,(N),0,_Intro_Cut,0,0,0,0,0,0,0,0,0,0,0,0,1,0,0,10,Test_Counter,0,test_fx,0,0,0,0,0,0,0,,,0,0,0,0,0,30001,0,0,0,0,0,0,0,0,0
,30072,(N),0,_Damaged_Wall_Hit,0,0,0,0,0,0,0,0,0,0,0,0,1,1,0,10,Test_Counter,0,test_fx,0,0,0,0,0,0,0,,,0,0,0,0,0,30064,0,0,0,0,0,0,0,0,0
,30073,(N),0,_Damaged_Wall_Combo,0,0,0,0,0,0,0,0,0,0,0,0,1,1,0,10,Test_Counter,0,test_fx,0,0,0,0,0,0,0,,,0,0,0,0,0,30064,0,0,0,0,0,0,0,0,0
,30074,"(2),(6),(L)","0,500,500",_Skill_01_H_Casting,0,0,0,0,0,0,0,0,0,0,0,0,1,0,0,10,Test_Counter,0,test_fx,0,0,0,20,0,0,0,,,0,1,1,0,0,30075,0,0,0,0,0,0,0,0,0
,30075,(N),0,_Skill_01_H_Attack,0,2,300,0,50,25,50,25,65,0,0,0,1,1,0,10,Test_Counter,0,test_fx,500,30,30,20,0,0,0,,,0,1,10,2,0,30001,0,0,0,0,0,0,0,0,1
,30076,(N),0,_Skill_01_H_End,0,0,0,0,0,0,0,0,0,0,0,0,1,0,0,10,Test_Counter,0,test_fx,0,0,0,20,0,0,0,,,0,1,1,0,0,30001,0,0,0,0,0,0,0,0,0
,30077,"(6),(2),(6),(L)","0,500,500,500",_Skill_02_H,0,2,150,0,50,25,50,25,70,0,0,0,1,0,0,10,Test_Counter,0,test_fx,500,30,30,20,0,0,0,,,0,1,10,3,0,30001,0,0,0,0,0,0,0,2,1
,30078,"(2),(4),(L)","0,500,500",_Skill_03_H_Casting,0,0,0,0,0,0,0,0,0,0,0,0,1,0,0,10,Test_Counter,0,test_fx,0,0,0,20,0,0,0,,,0,1,1,0,0,30079,0,0,0,0,0,0,0,0,0
,30079,(N),0,_Skill_03_H_Attack,0,2,150,0,50,25,50,25,63,0,0,0,1,1,0,10,Test_Counter,0,test_fx,500,30,30,20,0,0,0,,,0,1,10,1,0,30001,0,0,0,0,0,0,0,0,1
,30080,(N),0,_Damaged_St_High_H,0,0,0,0,0,0,0,0,0,0,0,0,1,0,0,10,Test_Counter,0,test_fx,0,0,0,0,0,0,0,,,0,0,0,0,0,30001,0,0,0,0,0,0,0,0,0
,30081,(N),0,_Damaged_St_Mid_H,0,0,0,0,0,0,0,0,0,0,0,0,1,0,0,10,Test_Counter,0,test_fx,0,0,0,0,0,0,0,,,0,0,0,0,0,30001,0,0,0,0,0,0,0,0,0
,30082,(N),0,_Damaged_Cr_Overhead,0,0,0,0,0,0,0,0,0,0,0,0,1,0,0,10,Test_Counter,0,test_fx,0,0,0,0,0,0,0,,,0,0,0,0,0,30001,0,0,0,0,0,0,0,1,0
,30083,(L),500,_Atk_St_L,0,1,50,0,25,13,25,13,65,0,0,0,1,0,0,10,Test_Counter,0,test_fx,45,15,15,20,0,0,0,,,0,0,3,0,1,30001,0,0,0,0,0,0,0,0,1
,30084,(H),500,_Atk_St_H,0,1,150,0,50,25,50,25,81,0,0,0,1,0,0,10,Test_Counter,0,test_fx,75,30,30,20,0,0,0,,,0,0,5,0,0,30001,0,0,0,0,0,0,0,0,1
,30085,(L),0,_Atk_Chain_Low,0,1,50,0,25,13,25,13,0,0,0,0,1,0,0,10,Test_Counter,0,test_fx,45,15,15,20,0,0,0,,30086,0,0,2,0,0,30001,0,0,0,0,0,0,0,0,1
,30086,(L),500,_Auto_2_Low,0,1,50,0,25,13,25,13,0,0,0,0,1,0,0,10,Test_Counter,0,test_fx,45,15,15,20,0,0,0,,30088,0,0,2,0,0,30001,0,0,0,0,0,0,0,0,3
,30087,(L),500,_Auto_3_Low,0,1,75,0,25,13,25,13,0,0,0,0,1,0,0,10,Test_Counter,0,test_fx,45,15,15,20,0,0,0,,,0,0,2,0,0,30001,0,0,0,0,0,0,0,0,3
,30088,(L),500,_Auto_Fin_Low,0,1,75,0,25,13,25,13,70,0,0,0,1,1,1,10,Test_Counter,0,test_fx,75,30,30,20,0,0,0,,30090,0,0,2,0,0,30001,0,0,0,0,0,0,0,0,1
,30089,(L),0,_Skill_01_H_Casting,0,0,0,0,0,0,0,0,0,0,0,0,1,0,0,10,Test_Counter,0,test_fx,0,0,0,20,0,0,0,,,0,1,10,0,0,30043,0,0,0,0,0,0,0,0,0
,30090,(L),0,_Skill_02_H,0,2,150,0,50,25,50,25,70,0,0,0,1,0,0,10,Test_Counter,0,test_fx,500,30,30,20,0,0,0,,,0,1,10,3,0,30001,0,0,0,0,0,0,0,2,1
,30091,(L),0,_Skill_03_H_Casting,0,0,0,0,0,0,0,0,0,0,0,0,1,0,0,10,Test_Counter,0,test_fx,0,0,0,20,0,0,0,,,0,1,10,0,0,30049,0,0,0,0,0,0,0,0,0
,30092,(N),0,_ChainDamaged_Upper,0,0,0,0,0,0,0,0,0,0,0,0,1,1,0,10,Test_Counter,0,test_fx,0,0,0,0,0,0,0,,,0,0,0,0,0,30013,0,0,0,0,0,0,0,2,0
,30093,(N),0,_ChainDamaged_Middle,0,0,0,0,0,0,0,0,0,0,0,0,1,1,0,10,Test_Counter,0,test_fx,0,0,0,0,0,0,0,,,0,0,0,0,0,30012,0,0,0,0,0,0,0,0,0
,30094,(N),0,_ChainDamaged_Lower,0,0,0,0,0,0,0,0,0,0,0,0,1,1,0,10,Test_Counter,0,test_fx,0,0,0,0,0,0,0,,,0,0,0,0,0,30013,0,0,0,0,0,0,0,2,0
,30095,(N),0,_Super_01_H_Casting,0,0,0,0,0,0,0,0,0,0,0,0,1,0,0,10,Test_Counter,0,test_fx,0,0,0,20,0,0,0,,,0,0,1,0,0,30050,0,0,0,0,0,0,0,0,0
,30097,(N),0,_Side_Change,0,0,0,0,0,0,0,0,0,0,0,0,0,0,0,0,Test_Counter,0,test_fx,0,0,0,0,0,0,0,,,0,0,0,0,0,30001,0,0,0,0,0,0,0,0,0
,30098,(N),0,_Side_Change_Crouch,0,0,0,0,0,0,0,0,0,0,0,0,0,0,0,0,Test_Counter,0,test_fx,0,0,0,0,0,0,0,,,0,0,0,0,0,30002,0,0,0,0,0,0,0,1,0
,30101,(N),0,_St_Up_Weak_Hit_1,0,0,0,0,0,0,0,0,0,0,0,0,1,0,0,10,Test_Counter,0,test_fx,0,0,0,0,0,0,0,,,0,0,0,0,0,30001,0,0,0,0,0,0,0,0,0
,30102,(N),0,_St_Up_Weak_Hit_2,0,0,0,0,0,0,0,0,0,0,0,0,1,0,0,10,Test_Counter,0,test_fx,0,0,0,0,0,0,0,,,0,0,0,0,0,30001,0,0,0,0,0,0,0,0,0
,30103,(N),0,_St_Up_Weak_Hit_3,0,0,0,0,0,0,0,0,0,0,0,0,1,0,0,10,Test_Counter,0,test_fx,0,0,0,0,0,0,0,,,0,0,0,0,0,30001,0,0,0,0,0,0,0,0,0
,30104,(N),0,_St_Up_Strong_Hit_1,0,0,0,0,0,0,0,0,0,0,0,0,1,0,0,10,Test_Counter,0,test_fx,0,0,0,0,0,0,0,,,0,0,0,0,0,30001,0,0,0,0,0,0,0,0,0
,30105,(N),0,_St_Up_Strong_Hit_2,0,0,0,0,0,0,0,0,0,0,0,0,1,0,0,10,Test_Counter,0,test_fx,0,0,0,0,0,0,0,,,0,0,0,0,0,30001,0,0,0,0,0,0,0,0,0
,30106,(N),0,_St_Up_Strong_Hit_3,0,0,0,0,0,0,0,0,0,0,0,0,1,0,0,10,Test_Counter,0,test_fx,0,0,0,0,0,0,0,,,0,0,0,0,0,30001,0,0,0,0,0,0,0,0,0
,30107,(N),0,_St_Mid_Hit,0,0,0,0,0,0,0,0,0,0,0,0,1,0,0,10,Test_Counter,0,test_fx,0,0,0,0,0,0,0,,,0,0,0,0,0,30001,0,0,0,0,0,0,0,0,0
,30108,(N),0,_St_Low_Weak_Hit,0,0,0,0,0,0,0,0,0,0,0,0,1,0,0,10,Test_Counter,0,test_fx,0,0,0,0,0,0,0,,,0,0,0,0,0,30001,0,0,0,0,0,0,0,0,0
,30109,(N),0,_St_Low_Strong_Hit,0,0,0,0,0,0,0,0,0,0,0,0,1,0,0,10,Test_Counter,0,test_fx,0,0,0,0,0,0,0,,,0,0,0,0,0,30001,0,0,0,0,0,0,0,0,0
,30110,(N),0,_St_Down_Front,0,0,0,0,0,0,0,0,0,0,0,0,1,0,0,10,Test_Counter,0,test_fx,0,0,0,0,0,0,0,,,0,0,0,0,0,30001,0,0,0,0,0,0,0,0,0
,30111,(N),0,_St_Down_Back,0,0,0,0,0,0,0,0,0,0,0,0,1,0,0,10,Test_Counter,0,test_fx,0,0,0,0,0,0,0,,,0,0,0,0,0,30001,0,0,0,0,0,0,0,0,0
,30112,(N),0,_St_Down_Critical,0,0,0,0,0,0,0,0,0,0,0,0,1,0,0,10,Test_Counter,0,test_fx,0,0,0,0,0,0,0,,,0,0,0,0,0,30001,0,0,0,0,0,0,0,0,0
,30113,(N),0,_Cr_Up_Weak_Hit_1,0,0,0,0,0,0,0,0,0,0,0,0,1,0,0,10,Test_Counter,0,test_fx,0,0,0,0,0,0,0,,,0,0,0,0,0,30001,0,0,0,0,0,0,0,1,0
,30114,(N),0,_Cr_Up_Weak_Hit_2,0,0,0,0,0,0,0,0,0,0,0,0,1,0,0,10,Test_Counter,0,test_fx,0,0,0,0,0,0,0,,,0,0,0,0,0,30001,0,0,0,0,0,0,0,1,0
,30115,(N),0,_Cr_Up_Weak_Hit_3,0,0,0,0,0,0,0,0,0,0,0,0,1,0,0,10,Test_Counter,0,test_fx,0,0,0,0,0,0,0,,,0,0,0,0,0,30001,0,0,0,0,0,0,0,1,0
,30116,(N),0,_Cr_Up_Strong_Hit_1,0,0,0,0,0,0,0,0,0,0,0,0,1,0,0,10,Test_Counter,0,test_fx,0,0,0,0,0,0,0,,,0,0,0,0,0,30001,0,0,0,0,0,0,0,1,0
,30117,(N),0,_Cr_Up_Strong_Hit_2,0,0,0,0,0,0,0,0,0,0,0,0,1,0,0,10,Test_Counter,0,test_fx,0,0,0,0,0,0,0,,,0,0,0,0,0,30001,0,0,0,0,0,0,0,1,0
,30118,(N),0,_Cr_Up_Strong_Hit_3,0,0,0,0,0,0,0,0,0,0,0,0,1,0,0,10,Test_Counter,0,test_fx,0,0,0,0,0,0,0,,,0,0,0,0,0,30001,0,0,0,0,0,0,0,1,0
,30119,(N),0,_Cr_Mid_Hit,0,0,0,0,0,0,0,0,0,0,0,0,1,0,0,10,Test_Counter,0,test_fx,0,0,0,0,0,0,0,,,0,0,0,0,0,30001,0,0,0,0,0,0,0,1,0
,30120,(N),0,_Cr_Low_Weak_Hit,0,0,0,0,0,0,0,0,0,0,0,0,1,0,0,10,Test_Counter,0,test_fx,0,0,0,0,0,0,0,,,0,0,0,0,0,30001,0,0,0,0,0,0,0,1,0
,30121,(N),0,_Cr_Low_Strong_Hit,0,0,0,0,0,0,0,0,0,0,0,0,1,0,0,10,Test_Counter,0,test_fx,0,0,0,0,0,0,0,,,0,0,0,0,0,30001,0,0,0,0,0,0,0,1,0
,30122,(N),0,_Cr_Down_Front,0,0,0,0,0,0,0,0,0,0,0,0,1,0,0,10,Test_Counter,0,test_fx,0,0,0,0,0,0,0,,,0,0,0,0,0,30001,0,0,0,0,0,0,0,3,0
,30123,(N),0,_Cr_Down_Back,0,0,0,0,0,0,0,0,0,0,0,0,1,0,0,10,Test_Counter,0,test_fx,0,0,0,0,0,0,0,,,0,0,0,0,0,30001,0,0,0,0,0,0,0,3,0
,30124,(N),0,_Cr_Down_Critical,0,0,0,0,0,0,0,0,0,0,0,0,1,0,0,10,Test_Counter,0,test_fx,0,0,0,0,0,0,0,,,0,0,0,0,0,30001,0,0,0,0,0,0,0,3,0
,30125,(N),0,_Jump_Weak_Hit,0,0,0,0,0,0,0,0,0,0,0,0,1,0,0,10,Test_Counter,0,test_fx,0,0,0,0,0,0,0,,,0,0,0,0,0,30001,0,0,0,0,0,0,0,2,0
,30126,(N),0,_Jump_Strong_Hit,0,0,0,0,0,0,0,0,0,0,0,0,1,0,0,10,Test_Counter,0,test_fx,0,0,0,0,0,0,0,,,0,0,0,0,0,30001,0,0,0,0,0,0,0,2,0
,30127,(N),0,_Guard_St,0,0,0,0,0,0,0,0,0,0,0,0,1,0,0,10,Test_Counter,0,test_fx,0,0,0,0,0,0,0,,,0,0,0,0,0,30001,0,0,0,0,0,0,0,0,0
,30128,(N),0,_Guard_Mid,0,0,0,0,0,0,0,0,0,0,0,0,1,0,0,10,Test_Counter,0,test_fx,0,0,0,0,0,0,0,,,0,0,0,0,0,30001,0,0,0,0,0,0,0,0,0
,30129,(N),0,_Guard_Cr,0,0,0,0,0,0,0,0,0,0,0,0,1,0,0,10,Test_Counter,0,test_fx,0,0,0,0,0,0,0,,,0,0,0,0,0,30001,0,0,0,0,0,0,0,1,0
,30210,(N),0,_ChainDamaged_Upper,0,0,0,0,0,0,0,0,0,0,0,0,1,1,0,10,Test_Counter,0,test_fx,0,0,0,0,0,0,0,,,0,0,0,0,0,30001,0,0,0,0,0,0,0,2,0
,30211,(N),0,_ChainDamaged_Middle,0,0,0,0,0,0,0,0,0,0,0,0,1,1,0,10,Test_Counter,0,test_fx,0,0,0,0,0,0,0,,,0,0,0,0,0,30001,0,0,0,0,0,0,0,0,0
,30212,(N),0,_ChainDamaged_Lower,0,0,0,0,0,0,0,0,0,0,0,0,1,1,0,10,Test_Counter,0,test_fx,0,0,0,0,0,0,0,,,0,0,0,0,0,30001,0,0,0,0,0,0,0,2,0
,30214,(N),0,_Chain_Juggle_Start,0,0,0,0,0,0,0,0,0,0,0,0,1,0,0,10,Test_Counter,0,test_fx,0,0,0,0,0,0,0,,,0,0,0,0,0,30001,0,0,0,0,0,0,0,0,0
,30215,(N),0,_Chain_Juggle_Hit,0,0,0,0,0,0,0,0,0,0,0,0,1,0,0,10,Test_Counter,0,test_fx,0,0,0,0,0,0,0,,,0,0,0,0,0,30001,0,0,0,0,0,0,0,0,0
,30216,(N),0,_Chain_Juggle_Finish,0,0,0,0,0,0,0,0,0,0,0,0,1,0,0,10,Test_Counter,0,test_fx,0,0,0,0,0,0,0,,,0,0,0,0,0,30001,0,0,0,0,0,0,0,0,0
,30224,(T),0,_Throw_Front_Start,0,0,0,0,0,0,0,0,227,0,0,0,1,0,0,10,Test_Counter,0,test_fx,0,0,0,0,0,0,0,,,225,0,0,0,0,30001,0,0,0,0,0,1,0,0,0
,30225,(N),0,_Throw_Front_Success,0,0,0,0,0,0,0,0,0,0,0,0,1,0,0,10,Test_Counter,0,test_fx,0,0,0,0,0,0,0,,,0,0,0,0,0,30001,0,0,0,0,0,0,0,0,0
,30226,(N),0,_Throw_Front_Fail,0,0,0,0,0,0,0,0,0,0,0,0,1,0,0,10,Test_Counter,0,test_fx,0,0,0,0,0,0,0,,,0,0,0,0,0,30001,0,0,0,0,0,0,0,0,0
,30227,(N),0,_Throw_Front_Success_Hit,0,0,0,0,0,0,0,0,0,0,0,0,1,0,0,10,Test_Counter,0,test_fx,0,0,0,0,0,0,0,,30228,0,0,0,0,0,30001,0,0,0,0,0,0,0,0,0
,30228,(T),0,_Throw_Front_Tech,0,0,0,0,0,0,0,0,0,0,0,0,1,0,0,10,Test_Counter,0,test_fx,0,0,0,0,0,0,0,,,0,0,0,0,0,30001,0,0,0,0,0,0,0,0,0
,30229,(T),0,_Throw_Back_Start,0,0,0,0,0,0,0,0,232,0,0,0,1,0,0,10,Test_Counter,0,test_fx,0,0,0,0,0,0,0,,,230,0,0,0,0,30001,0,0,0,0,0,1,0,0,0
,30230,(N),0,_Throw_Back_Success,0,0,0,0,0,0,0,0,0,0,0,0,1,0,0,10,Test_Counter,0,test_fx,0,0,0,0,0,0,0,,,0,0,0,0,0,30001,0,0,0,0,0,0,0,0,0
,30231,(N),0,_Throw_Back_Fail,0,0,0,0,0,0,0,0,0,0,0,0,1,0,0,10,Test_Counter,0,test_fx,0,0,0,0,0,0,0,,,0,0,0,0,0,30001,0,0,0,0,0,0,0,0,0
,30232,(N),0,_Throw_Back_Success_Hit,0,0,0,0,0,0,0,0,0,0,0,0,1,0,0,10,Test_Counter,0,test_fx,0,0,0,0,0,0,0,,30228,0,0,0,0,0,30001,0,0,0,0,0,0,0,0,0
,30233,(T),0,_Throw_Back_Tech,0,0,0,0,0,0,0,0,0,0,0,0,1,0,0,10,Test_Counter,0,test_fx,0,0,0,0,0,0,0,,,0,0,0,0,0,30001,0,0,0,0,0,0,0,0,0
